{"cameraMode":{"drawMode":0,"name":"Shaded","section":"Shading Mode"},"sceneLighting":false,"audioPlay":false,"sceneViewState":{"m_AlwaysRefresh":false,"showFog":true,"showSkybox":false,"showFlares":true,"showImageEffects":true,"showParticleSystems":true,"showVisualEffectGraphs":true,"m_FxEnabled":true},"in2DMode":false,"pivot":{"x":0.029999999329447748,"y":0.15000002086162568,"z":1.5399999618530274},"rotation":{"x":-0.12565302848815919,"y":-0.46131494641304018,"z":0.0661860778927803,"w":-0.8757997155189514},"size":0.15000002086162568,"orthographic":false}