{"cameraMode":{"drawMode":0,"name":"Shaded","section":"Shading Mode"},"sceneLighting":true,"audioPlay":false,"sceneViewState":{"m_AlwaysRefresh":true,"showFog":true,"showSkybox":true,"showFlares":true,"showImageEffects":true,"showParticleSystems":true,"showVisualEffectGraphs":true,"m_FxEnabled":true},"in2DMode":false,"pivot":{"x":-0.2665552496910095,"y":0.4655319154262543,"z":0.2581214904785156},"rotation":{"x":0.001238045166246593,"y":0.9904528260231018,"z":-0.00891431700438261,"w":0.13755683600902558},"size":1.351550817489624,"orthographic":false}